S.Triangulo Live,061047,"36,99"
C.Boyshort Live,054046,"23,99"
S.Angelete Lieve,063046,"54,99"
S.Toscana,064281,"56,99"
B.Toscana,053281,"23,99"
S.Roterdam,061339,"49,99"
C.Roterdam,056339,"28,99"
S.Vine,264099,"54,99"
B.Vine,213099,"26,99"
S.Silk Skim,067011,"56,99"
C.C.Silk Skin,056011,"21,99"
Fio-dental Silk Skin,051011,"19,99"
S.Sexy,264213,"44,99"
Fio-dental Sexy,211213,"20,99"
Bustie Vertigem,067858,"74,99"
Calça Baixa Tentadora,214010,"24,99"
S.Minueto,064032,"44,99"
Fio-dental Minueto,051032,"21,99"
S.Top Chaleur,064010,"59,99"
Fio-dental Intenção,051027,"22,99"
Fio-dental Lover,051839,"23,99"
Fio-dental Nupcial,051235,"23,99"
Fio-dental Desejo,051823,"22,99"
S. Top Lover,067839,"65,99"
S.Candy Baby,064291,"49,99"
C.Baixa Candy Baby,054291,"23,99"
Fio-dental Xamego,016198,"22,99"
Mascara Cabaret,070555,"19,99"
Liga-support,070068,"9,99"
Corselet Cabaret,043001,"89,99"
Bracelete Cabaret,070561,"19,99"
Dantelle 7/8,001630,"19,99"
S.Top Ermitage,064040,"49,99"
C.Classica Ermitage,057040,"27,99"
S.Top Videnza,061027,"59,99"
Fio-dental Videnza,051017,"19,99"
S.Desejo,067854,"56,99"
B.Bastille,053355,"23,99"
S.Biju,064285,"47,99"
S.Chantal,0264801,"47,99"
C.Short Chantal,0215801,"26,99"
S.Femme,0265017,"54,99"
B.Femme,0213017,"26,99"
S.Lousane,064086,"54,99"
S.Lucilia,067224,"56,99"
Cinta Fio-dental Lucilia,046024,"32,99"
S.Nova Gemma,067249,"59,99"
C.Cavada Citara,026065,"27,99"
S.Nupcial,064105,"46,99"
B.Nupcial,053105,"23,99"
S.Sensa,067237,"62,99"
Fio-dental Sensa,051246,"23,99"
S.Sisi,067162,"55,99"
C.Baixa Sisi,054162,"22,99"
S.Novo Rivali,067188,"56,99"
B.Vertigem,053188,"23,99"
S.Pointelle,067379,"54,99"
B.Pointelle,053379,"19,99"
S.Paraiso,063476,"49,99"
S.Idylle,063577,"52,99"
B.Idylle,053577,"23,99"
Top Joli,061290,"54,99"
Fio-dental Joli,051290,"23,99"
S.Xamego,061585,"42,99"
Fio-dental Desejo,051813,"22,99"
Top Biscult,061209,"34,99"
B.Biscult,053209,"20,99"
Top Purisme,261703,"39,99"
S.Copacabana,061083,"42,99"
Fio-dental Buque,051190,"22,99"
S.Caribdis,061332,"34,99"
B.Caribdis,053331,"23,99"
B.Natural Marilyn,067819,"56,99"
B.Extra Marilyn,069818,"56,99"
B.Intenção,067250,"74,99"
S.Decotado,063022,"63,99"
S.Invejja,067843,"56,99"
Super-up Miracle,069827,"56,99"
Super-up Danube,069003,"74,99"
B.Magic,053991,"49,99"
Bermuda Rendada Virtuel,094499,"42,99"
Bermuda Espumada Virtuel,094552,"69,99"
Bermuda Virtuel,094498,"39,99"
B.Virtuel,016498,"23,99"
C.Classica Virtuel,057498,"26,99"
S.Nadador Ulttraleve,061404,"34,99"
C.Cavada Ultraleve,056300,"27,99"
S.Ultraleve,061400,"34,99"
B.Ultraleve,053306,"23,99"
C.Alta Ultraleve,057401,"27,99"
Bustie Faixa Ultraleve,061900,"21,99"
C.Short Ultraleve,055601,"23,99"
S.Conforto Ultraleve Plus,061146,"34,99"
C.Alta Ultraleve,057401,"27,99"
S.Reforço Ultraleve Plus,061156,"49,99"
Short Modellare,094005,"59,99"
Bermuda Alta Modellare,094019,"79,99"
Cinta Fio-dental Ultraleve,046005,"39,99"
Cinta Ultraleve,046204,"39,99"
S.Carence,061347,"34,99"
Fio-dental Carence,051347,"18,99"
"S,Menthol",261812,"39,99"
B.Menthol,213812,"22,99"
S.Delfos,061389,"34,99"
B.Delfos,053388,"23,99"
S.Demillus Love,261139,"37,99"
B.Demillus Love,213139,"23,99"
Kit 3 Biquinis,K53300,"46,99"
Kit 2 Calças Cavadas,K56600,"42,99"
B.Grenade,053018,"21,99"
C.Cavada Grenade,056110,"25,99"
B.Cotton,053053,"23,99"
C.Cavada Lithos cotton,056014,"25,99"
C.Clássica Cotton,057051,"27,99"
C.Clássica Secret,057001,"27,99"
S.Secrete Coton,061052,"36,99"
S.Olimpo Cotton,061054,"42,99"
Blusa em Tule,093127,"44,99"
S.Top Lover,067839,"65,99"
Legging Jeans,000115,"91,99"
Blusa Manga Rendade,093089,"69,99"
Legging Cirrê,000190,"99,99"
Blusa DeMillus Soltinha,093146,"59,99"
Vestido Decote Quadrado,095136,"89,99"
Body Cognac,098120,"69,99"
Body DeMillus Cintilante,098053,"62,99"
Body Rantelly,098132,"76,99"
Body Novo Modellare,098010,"76,99"
Extensor Duplo,070083,"8,99"
Extensor Triplo,070084,"8,99"
Clip Magico,270086,"7,99"
Bojos Casquinha,270053,"10,99"
Alças Avulsas,070088,"10,99"
Extensor Costas Decotadas,070085,"11,99"
Cinta Liga Cabaret,070563,"24,99"
Dantelle Control Top,001772,"26,99"
Meia Sapatilha Ritmo,200684,"25,99"
Kit Dantelle Retida,200694,"28,99"
Kit Dantelle Cano Curto,203003,"28,99"
Body Marilyn,098227,"76,99"
Vestido Manga 3/4 Ribana,295022,"94,99"
Camisola-vestido Ribana,230534,"81,99"
Vestido Ribana Manguinha,295251,"85,99"
C.Classica Guinee,057112,"28,99"
C.Clássica Aubade,057488,"34,99"
C.Cavada Lousane,056002,"27,99"
S.Aubade,063498,"52,99"
S.Rantelli,061227,"44,99"
C.Cavada Invejja,056811,"25,99"
C.Cavada Pele de Seda,026826,"25,99"
C.Clássica Chanson,057850,"27,99"
C.Clássica Safira,057330,"27,99"
S.DeMillus Cintilante,064438,"54,99"
C.Cavada Cintilante,056438,"21,99"
S.Galler,067251,"62,99"
C.Cavada Galler,056251,"27,99"
S.Contraste,064565,"49,99"
C.Cavada Contraste,056565,"23,99"
S.Iridien,065204,"62,99"
"S,.Impression",067577,"66,99"
S.Habella,065431,"69,99"
C.Clássica Promenade,057532,"28,99"
S.Antinéa,064021,"56,99"
C.Cavada Cítara,026065,"27,99"
S.Chic DeMillus,067093,"59,99"
C.Cavada Ternesse,056615,"27,99"
Fio-dental Sensa,051246,"23,99"
S.Gallard Control,078908,"59,99"
S.Olimpo Control,061818,"42,99"
S.Olimpo Conforto,061004,"48,99"
S.Colonial,061383,"51,99"
Anágua Chantal,011502,"38,99"
S.Badine,078528,"52,99"
S.Clarineta,061385,"51,99"
S.Olimpo Bourbon,061196,"42,99"
C.Bourbon,026406,"27,99"
S.Bourbon,061407,"26,99"
S.Moderato,061100,"34,99"
C.Cavada Abrupt,056095,"25,99"
S.Demillus Cotelê,067028,"59,99"
B.DeMillus Cotelê,053029,"23,99"
S.Cognac,064861,"54,99"
C.Cavada Cognac,056861,"27,99"
S.Olimpo Qatar,061219,"42,99"
C.Cavada Qatar,056218,"27,99"
S.Olimpo Miótis,061721,"42,99"
C.Cavada Miótis,056722,"27,99"
S.Olimpo Anizete,061741,"42,99"
C.Cavada Olimpo,026639,"27,99"
S.Bibelô,061486,"39,99"
C.Clássica Bibelô,057487,"27,99"
Taça C Baroneza,074600,"62,99"
Taça C Rendado,064237,"59,99"
Taça C Control,064905,"59,99"
Cinturita DeMillus,246600,"139,99"
Bermuda Rendada Merlot,094607,"44,99"
Cinta Nova Shadow,046015,"47,99"
Cinta Massaggio Control,046604,"51,99"
Cinta Violão,046615,"59,99"
Modelador Gallard,098908,"94,99"
Camisete Support,093808,"69,99"
Blusa Modellare,093800,"78,99"
Kendall 3/4 Alta Compressão S/P,201881,"118,99"
Kendall 3/4 M Compressão S/P,000187,"89,99"
Kendall 3/4 M Compressão C/P,000167,"89,99"
Meia Calça M Compressão S/P,000170,"165,99"
Modelador DeMillus Med,098885,"119,99"
S.DeMillus Med,061885,"56,99"
Cinta DeMillus Med,046884,"89,99"
Camisola Travessia,230025,"69,99"
Body Baby Travessia,270026,"26,99"
Shortdoll Botões,220019,"89,99"
S.DeMillus Baby,061386,"54,99"
S.Maternal Ultraleve,061158,"54,99"
Kit Cano Curto Infantil,200691,"28,99"
Meia Sapatilha Infantil,200683,"20,99"
Blusa Infantil UV,093016,"44,99"
Shortdoll DeMillus Gatinha,220050,"49,99"
Shortdoll Menina Dido,220447,"50,99"
Calcinha Infantil,227726,"19,99"
Samba-canção Kid,290125,"29,99"
Boxer Kid Ultraleve,090139,"20,99"
Pijama Kid Espaço,220018,"49,99"
Slip Menino,290132,"19,99"
Sutiã Fofita,060037,"19,99"
Calcinha Infantil Fofita,050037,"14,99"
Sutiã Tatiana,060018,"23,99"
Calcinha Infantil Tatiana,050018,"16,99"
Pijama Longo F Travessia,285021,"87,99"
Pijama Longo F Xadrez,285055,"89,99"
Sutiã Menina Ultraleve,060030,"27,99"
Calça Short Menina Ultraleve,050030,"18,99"
Kit Estampado Cano Curto,200693,"30,99"
Bermudoll Caledonie,220702,"60,99"
Pijama Longo F Caledonie,285249,"99,99"
Bandana Pet,270029,"19,99"
Pijama Longo M Travessia,285023,"92,99"
Pijama Longo F Travessia,285021,"87,99"
Pijama Menina Travessia,285022,"65,99"
Pijama Kid Travessia,285024,"65,99"
Body Baby Travessia,270026,"26,99"
Pijama Longo M Xadrez,285057,"92,99"
Pijama Longo F Xadrez,285055,"74,99"
Pijama Menina Xadrez,285056,"67,99"
Pijama Kid Xadrez,285858,"65,99"
Short Feminino Tricoline,294034,"47,99"
Samba-canção Tricoline,290033,"51,99"
Pantufa em Plush,270203,"42,99"
Camisola DeMillus Fashion,030401,"54,99"
Shortdoll DeMillus Fashion,020401,"59,99"
Camisola Rouge,030124,"54,99"
Shortdoll Rouge,020124,"59,99"
Robe Nupcial,031005,"99,99"
Shortdoll Midnigth,020332,"59,99"
Camisola Midnight,030332,"52,99"
Camisola meia noite,030252,"52,99"
Top Stadium Ultrleve,061226,"47,99"
Bermuda Stadium Ultraleve,094450,"49,99"
Blusa Feminina UV,093216,"58,99"
Calça Stadium Ultraleve,000134,"74,99"
Kit Dantelle Cano Curto,203003,"28,99"
Bermuda DeMIllus Ágil,094157,"74,99"
Legging DeMillus Ágil,000157,"104,99"
Top Velvette Ultraleve,061235,"34,99"
Viseira Alongada,270204,"39,99"
Top Pesponto,061253,"44,99"
Legging Pesponto,000253,"94,99"
Bermuda Pesponto,094253,"62,99"
Mochila Saco Stadium,902036,"40,99"
Camiseta Ritmo,093104,"55,99"
Legging DeMIllus Dance,000182,"86,99"
Calça Friso Ultraleve,000133,"74,99"
Top DeMIllus Gota,061555,"44,99"
Legging Arazul,000148,"89,99"
Short Velvette Ultraleve,094235,"39,99"
Bermuda Violino Ultraleve,094350,"59,99"
Top DeMIllus Action,061894,"39,99"
Short DeMIllus Action,094894,"42,99"
Kit Dantelle Sapatilha Silicone,200692,"26,99"
Meia 3/4,200673,"22,99"
Boné Zeus,270201,"36,99"
Blusa Masculina UV,093316,"74,99"
Kit Zeus Retida,200695,"27,99"
Kit Zeus Invisível,203001,"27,99"
Kit Zeus Cano Curto,203004,"30,99"
Boxer Friso Ultraleve,090043,"30,99"
Boxer Zeus Ultraleve,090052,"30,99"
Boxer Camuflada Ultraleve,090140,"31,99"
Boxer Atlante Ultraleve,090142,"30,99"
Boxer Linhas Esportivas Ultralev,090102,"35,99"
Boxer Esportiva Ultraleve,090907,"35,99"
Slip Vik,090225,"29,99"
Boxer Vik,090093,"32,99"
Slip Ligth,291772,"28,99"
Boxer Side,091839,"53,99"
Slip Max,291764,"29,99"
Boxer Max,291702,"39,99"
Samba-canção Estampada,290259,"44,99"
Samba-canção Kid,290125,"29,99"